"FC","Lane","Well","Adapter","Adapter.Sequence","Adapter.Sequence.1","ID","Group"
1,1,"1A","D501,D701","TATAGCCT","ATTACTCG","G-114","LN"
1,1,"2A","D501,D702","TATAGCCT","TCCGGAGA","G-127","LN"
1,1,"3A","D501,D703","TATAGCCT","CGCTCATT","G-136","OW"
1,1,"4A","D501,D704","TATAGCCT","GAGATTCC","G-148","LN"
1,1,"5A","D501,D705","TATAGCCT","ATTCAGAA","G-160","OW"
1,1,"6A","D501,D706","TATAGCCT","GAATTCGT","G-176","LN"
1,1,"7A","D501,D707","TATAGCCT","CTGAAGCT","G-186","OW"
1,1,"8A","D501,D708","TATAGCCT","TAATGCGC","G-200","LN"
1,1,"9A","D501,D709","TATAGCCT","CGGCTATG","G-220","LN"
1,1,"10A","D501,D710","TATAGCCT","TCCGCGAA","G-249","LN"
1,1,"11A","D501,D711","TATAGCCT","TCTCGCGC","G-262","OW"
1,1,"12A","D501,D712","TATAGCCT","AGCGATAG","G-284","OW"
1,2,"1B","D502,D701","ATAGAGGC","ATTACTCG","G-116","OW"
1,2,"2B","D502,D702","ATAGAGGC","TCCGGAGA","G-128","LN"
1,2,"3B","D502,D703","ATAGAGGC","CGCTCATT","G-138","OW"
1,2,"4B","D502,D704","ATAGAGGC","GAGATTCC","G-149","LN"
1,2,"5B","D502,D705","ATAGAGGC","ATTCAGAA","G-161","OW"
1,2,"6B","D502,D706","ATAGAGGC","GAATTCGT","G-177","OW"
1,2,"7B","D502,D707","ATAGAGGC","CTGAAGCT","G-187","OW"
1,2,"8B","D502,D708","ATAGAGGC","TAATGCGC","G-205","OW"
1,2,"9B","D502,D709","ATAGAGGC","CGGCTATG","G-223","LN"
1,2,"10B","D502,D710","ATAGAGGC","TCCGCGAA","G-250","OW"
1,2,"11B","D502,D711","ATAGAGGC","TCTCGCGC","G-268","LN"
1,2,"12B","D502,D712","ATAGAGGC","AGCGATAG","G-287","OW"
1,3,"1C","D503,D701","CCTATCCT","ATTACTCG","G-117","OW"
1,3,"2C","D503,D702","CCTATCCT","TCCGGAGA","G-129","LN"
1,3,"3C","D503,D703","CCTATCCT","CGCTCATT","G-139","OW"
1,3,"4C","D503,D704","CCTATCCT","GAGATTCC","G-150","OW"
1,3,"5C","D503,D705","CCTATCCT","ATTCAGAA","G-165","OW"
1,3,"6C","D503,D706","CCTATCCT","GAATTCGT","G-179","OW"
1,3,"7C","D503,D707","CCTATCCT","CTGAAGCT","G-188","LN"
1,3,"8C","D503,D708","CCTATCCT","TAATGCGC","G-206","LN"
1,3,"9C","D503,D709","CCTATCCT","CGGCTATG","G-224","OW"
1,3,"10C","D503,D710","CCTATCCT","TCCGCGAA","G-251","OW"
1,3,"11C","D503,D711","CCTATCCT","TCTCGCGC","G-271","OW"
1,3,"12C","D503,D712","CCTATCCT","AGCGATAG","G-288","LN"
1,4,"1D","D504,D701","GGCTCTGA","ATTACTCG","G-118","LN"
1,4,"2D","D504,D702","GGCTCTGA","TCCGGAGA","G-130","OW"
1,4,"3D","D504,D703","GGCTCTGA","CGCTCATT","G-140","LN"
1,4,"4D","D504,D704","GGCTCTGA","GAGATTCC","G-151","OW"
1,4,"5D","D504,D705","GGCTCTGA","ATTCAGAA","G-167","LN"
1,4,"6D","D504,D706","GGCTCTGA","GAATTCGT","G-180","LN"
1,4,"7D","D504,D707","GGCTCTGA","CTGAAGCT","G-190","OW"
1,4,"8D","D504,D708","GGCTCTGA","TAATGCGC","G-210","LN"
1,4,"9D","D504,D709","GGCTCTGA","CGGCTATG","G-230","OW"
1,4,"10D","D504,D710","GGCTCTGA","TCCGCGAA","G-253","LN"
1,4,"11D","D504,D711","GGCTCTGA","TCTCGCGC","G-276","OW"
1,4,"12D","D504,D712","GGCTCTGA","AGCGATAG","G-289","LN"
1,5,"1E","D505,D701","AGGCGAAG","ATTACTCG","G-121","LN"
1,5,"2E","D505,D702","AGGCGAAG","TCCGGAGA","G-131","LN"
1,5,"3E","D505,D703","AGGCGAAG","CGCTCATT","G-141","OW"
1,5,"4E","D505,D704","AGGCGAAG","GAGATTCC","G-152","OW"
1,5,"5E","D505,D705","AGGCGAAG","ATTCAGAA","G-171","LN"
1,5,"6E","D505,D706","AGGCGAAG","GAATTCGT","G-182","LN"
1,5,"7E","D505,D707","AGGCGAAG","CTGAAGCT","G-191","OW"
1,5,"8E","D505,D708","AGGCGAAG","TAATGCGC","G-211","OW"
1,5,"9E","D505,D709","AGGCGAAG","CGGCTATG","G-231","LN"
1,5,"10E","D505,D710","AGGCGAAG","TCCGCGAA","G-256","OW"
1,5,"11E","D505,D711","AGGCGAAG","TCTCGCGC","G-277","OW"
1,5,"12E","D505,D712","AGGCGAAG","AGCGATAG","G-290","OW"
1,6,"1F","D506,D701","TAATCTTA","ATTACTCG","G-122","OW"
1,6,"2F","D506,D702","TAATCTTA","TCCGGAGA","G-133","LN"
1,6,"3F","D506,D703","TAATCTTA","CGCTCATT","G-143","OW"
1,6,"4F","D506,D704","TAATCTTA","GAGATTCC","G-155","OW"
1,6,"5F","D506,D705","TAATCTTA","ATTCAGAA","G-172","OW"
1,6,"6F","D506,D706","TAATCTTA","GAATTCGT","G-183","LN"
1,6,"7F","D506,D707","TAATCTTA","CTGAAGCT","G-192","LN"
1,6,"8F","D506,D708","TAATCTTA","TAATGCGC","G-214","LN"
1,6,"9F","D506,D709","TAATCTTA","CGGCTATG","G-235","OW"
1,6,"10F","D506,D710","TAATCTTA","TCCGCGAA","G-257","OW"
1,6,"11F","D506,D711","TAATCTTA","TCTCGCGC","G-279","LN"
1,6,"12F","D506,D712","TAATCTTA","AGCGATAG","G-292","LN"
1,7,"1G","D507,D701","CAGGACGT","ATTACTCG","G-123","LN"
1,7,"2G","D507,D702","CAGGACGT","TCCGGAGA","G-134","OW"
1,7,"3G","D507,D703","CAGGACGT","CGCTCATT","G-145","LN"
1,7,"4G","D507,D704","CAGGACGT","GAGATTCC","G-157","OW"
1,7,"5G","D507,D705","CAGGACGT","ATTCAGAA","G-173","LN"
1,7,"6G","D507,D706","CAGGACGT","GAATTCGT","G-184","OW"
1,7,"7G","D507,D707","CAGGACGT","CTGAAGCT","G-197","OW"
1,7,"8G","D507,D708","CAGGACGT","TAATGCGC","G-218",""
1,7,"9G","D507,D709","CAGGACGT","CGGCTATG","G-245","LN"
1,7,"10G","D507,D710","CAGGACGT","TCCGCGAA","G-258","OW"
1,7,"11G","D507,D711","CAGGACGT","TCTCGCGC","G-280","OW"
1,7,"12G","D507,D712","CAGGACGT","AGCGATAG","G-295","OW"
1,8,"1H","D508,D701","GTACTGAC","ATTACTCG","G-126","OW"
1,8,"2H","D508,D702","GTACTGAC","TCCGGAGA","G-135","LN"
1,8,"3H","D508,D703","GTACTGAC","CGCTCATT","G-146","LN"
1,8,"4H","D508,D704","GTACTGAC","GAGATTCC","G-158","OW"
1,8,"5H","D508,D705","GTACTGAC","ATTCAGAA","G-174","OW"
1,8,"6H","D508,D706","GTACTGAC","GAATTCGT","G-185","LN"
1,8,"7H","D508,D707","GTACTGAC","CTGAAGCT","G-199","OW"
1,8,"8H","D508,D708","GTACTGAC","TAATGCGC","G-219","LN"
1,8,"9H","D508,D709","GTACTGAC","CGGCTATG","G-246","LN"
1,8,"10H","D508,D710","GTACTGAC","TCCGCGAA","G-261","OW"
1,8,"11H","D508,D711","GTACTGAC","TCTCGCGC","G-282","LN"
1,8,"12H","D508,D712","GTACTGAC","AGCGATAG","G-296",""
2,1,"1A","D501,D701","TATAGCCT","ATTACTCG","G-297","OW"
2,1,"2A","D501,D702","TATAGCCT","TCCGGAGA","G-318","LN"
2,1,"3A","D501,D703","TATAGCCT","CGCTCATT","G-339","OW"
2,1,"4A","D501,D704","TATAGCCT","GAGATTCC","G-359","OW"
2,1,"5A","D501,D705","TATAGCCT","ATTCAGAA","G-379","LN"
2,1,"6A","D501,D706","TATAGCCT","GAATTCGT","G-389","LN"
2,1,"7A","D501,D707","TATAGCCT","CTGAAGCT","G-405","OW"
2,2,"1B","D502,D701","ATAGAGGC","ATTACTCG","G-299","LN"
2,2,"2B","D502,D702","ATAGAGGC","TCCGGAGA","G-319","OW"
2,2,"3B","D502,D703","ATAGAGGC","CGCTCATT","G-342","LN"
2,2,"4B","D502,D704","ATAGAGGC","GAGATTCC","G-360","OW"
2,2,"5B","D502,D705","ATAGAGGC","ATTCAGAA","G-380","LN"
2,2,"6B","D502,D706","ATAGAGGC","GAATTCGT","G-391","OW"
2,2,"7B","D502,D707","ATAGAGGC","CTGAAGCT","G-407","OW"
2,3,"1C","D503,D701","CCTATCCT","ATTACTCG","G-302","OW"
2,3,"2C","D503,D702","CCTATCCT","TCCGGAGA","G-321","LN"
2,3,"3C","D503,D703","CCTATCCT","CGCTCATT","G-344","LN"
2,3,"4C","D503,D704","CCTATCCT","GAGATTCC","G-361","LN"
2,3,"5C","D503,D705","CCTATCCT","ATTCAGAA","G-381","LN"
2,3,"6C","D503,D706","CCTATCCT","GAATTCGT","G-392","LN"
2,3,"7C","D503,D707","CCTATCCT","CTGAAGCT","G-409","OW"
2,4,"1D","D504,D701","GGCTCTGA","ATTACTCG","G-305","OW"
2,4,"2D","D504,D702","GGCTCTGA","TCCGGAGA","G-325","LN"
2,4,"3D","D504,D703","GGCTCTGA","CGCTCATT","G-347","LN"
2,4,"4D","D504,D704","GGCTCTGA","GAGATTCC","G-363","OW"
2,4,"5D","D504,D705","GGCTCTGA","ATTCAGAA","G-382","LN"
2,4,"6D","D504,D706","GGCTCTGA","GAATTCGT","G-396","LN"
2,4,"7D","D504,D707","GGCTCTGA","CTGAAGCT","G-410","OW"
2,5,"1E","D505,D701","AGGCGAAG","ATTACTCG","G-307","LN"
2,5,"2E","D505,D702","AGGCGAAG","TCCGGAGA","G-329","LN"
2,5,"3E","D505,D703","AGGCGAAG","CGCTCATT","G-350","LN"
2,5,"4E","D505,D704","AGGCGAAG","GAGATTCC","G-365","LN"
2,5,"5E","D505,D705","AGGCGAAG","ATTCAGAA","G-384","LN"
2,5,"6E","D505,D706","AGGCGAAG","GAATTCGT","G-397","OW"
2,5,"7E","D505,D707","AGGCGAAG","CTGAAGCT","G-413","OW"
2,6,"1F","D506,D701","TAATCTTA","ATTACTCG","G-311","LN"
2,6,"2F","D506,D702","TAATCTTA","TCCGGAGA","G-332","LN"
2,6,"3F","D506,D703","TAATCTTA","CGCTCATT","G-353","LN"
2,6,"4F","D506,D704","TAATCTTA","GAGATTCC","G-370","LN"
2,6,"5F","D506,D705","TAATCTTA","ATTCAGAA","G-386","OW"
2,6,"6F","D506,D706","TAATCTTA","GAATTCGT","G-401","LN"
2,6,"7F","D506,D707","TAATCTTA","CTGAAGCT","G-414","OW"
2,7,"1G","D507,D701","CAGGACGT","ATTACTCG","G-312","LN"
2,7,"2G","D507,D702","CAGGACGT","TCCGGAGA","G-335","LN"
2,7,"3G","D507,D703","CAGGACGT","CGCTCATT","G-356","LN"
